{
  "header": {
    "stamp": {
      "sec": 0,
      "nanosec": 0
    },
    "frame_id": "map"
  },
  "poses": [
    {
      "position": {"x": -0.7895557742337819, "y": 11.605891467846984, "z": 0.0},
      "orientation": {"x": 0.0, "y": 0.0, "z": 0.8157913526932744, "w": 0.5783463226051304}
    }
  ]
}
